{
    "parity": {
        "(german, gcn)": [
            [
                0.6000000000000001,
                5.0
            ],
            0.23529411764705882,
            [
                1,
                10
            ]
        ],
        "(german, sage)": [
            [
                0.6000000000000001,
                5.0
            ],
            0.17647058823529413,
            [
                1,
                10,
                100
            ]
        ],
        "(german, jk)": [
            [
                0.6000000000000001,
                0.5
            ],
            0.23529411764705882,
            [
                1,
                100,
                1000
            ]
        ],
        "(credit, gcn)": [
            [
                0.8,
                0.05
            ],
            0.29411764705882354,
            [
                10,
                100
            ]
        ],
        "(credit, sage)": [
            [
                0.6000000000000001,
                0.5
            ],
            0.23529411764705882,
            [
                1,
                10,
                1000
            ]
        ],
        "(credit, jk)": [
            [
                0.6000000000000001,
                0.05
            ],
            0.058823529411764705,
            [
                1,
                100,
                1000
            ]
        ],
        "(bail, gcn)": [
            [
                0.6000000000000001,
                0.5
            ],
            0.17647058823529413,
            [
                1,
                10,
                100
            ]
        ],
        "(bail, sage)": [
            [
                0.7000000000000001,
                0.5
            ],
            0.17647058823529413,
            [
                10,
                100,
                1000
            ]
        ],
        "(bail, jk)": [
            [
                0.6000000000000001,
                5.0
            ],
            0.17647058823529413,
            [
                1,
                10,
                100
            ]
        ]
    },
    "equality": {
        "(german, gcn)": [
            [
                0.8000000000000002,
                0.05
            ],
            0.23529411764705882,
            [
                1,
                10,
                100
            ]
        ],
        "(german, sage)": [
            [
                0.6000000000000001,
                5.0
            ],
            0.23529411764705882,
            [
                1,
                10,
                100
            ]
        ],
        "(german, jk)": [
            [
                0.8000000000000002,
                0.05
            ],
            0.17647058823529413,
            [
                1,
                100,
                1000
            ]
        ],
        "(credit, gcn)": [
            [
                0.9000000000000001,
                0.005
            ],
            0.17647058823529413,
            [
                10,
                100
            ]
        ],
        "(credit, sage)": [
            [
                0.6000000000000001,
                0.5
            ],
            0.29411764705882354,
            [
                1,
                10,
                1000
            ]
        ],
        "(credit, jk)": [
            [
                0.8,
                0.5
            ],
            0.11764705882352941,
            [
                1,
                10,
                1000
            ]
        ],
        "(bail, gcn)": [
            [
                0.8000000000000002,
                0.05
            ],
            0.23529411764705882,
            [
                1,
                10,
                100
            ]
        ],
        "(bail, sage)": [
            [
                0.9000000000000001,
                0.005
            ],
            0.17647058823529413,
            [
                10,
                100,
                1000
            ]
        ],
        "(bail, jk)": [
            [
                0.8000000000000002,
                0.05
            ],
            0.17647058823529413,
            [
                1,
                10,
                1000
            ]
        ]
    }
}